{
  "fork_latency": {
    "mean_cycles": 216,
    "stdev_cycles": 0.0,
    "mean_elapsed_ms": 5231.915499793831,
    "samples": [
      216,
      216,
      216,
      216,
      216
    ],
    "iterations": 5
  },
  "context_switch": {
    "mean_cycles": 831,
    "stdev_cycles": 0.0,
    "mean_switches": 5,
    "cycles_per_switch": 166.2,
    "mean_elapsed_ms": 5229.966433404479,
    "samples": [
      831,
      831,
      831,
      831,
      831
    ],
    "iterations": 5
  },
  "pipe_throughput": {
    "64": {
      "payload_bytes": 64,
      "mean_cycles": 655,
      "cycles_per_byte": 10.234375,
      "bytes_per_ms": 0.005099615262639852,
      "mean_elapsed_ms": 12549.96636096621,
      "samples": [
        655,
        655,
        655
      ]
    },
    "256": {
      "payload_bytes": 256,
      "mean_cycles": 729,
      "cycles_per_byte": 2.84765625,
      "bytes_per_ms": 0.013588112927476846,
      "mean_elapsed_ms": 18839.996500348207,
      "samples": [
        729,
        729,
        729
      ]
    },
    "1024": {
      "payload_bytes": 1024,
      "mean_cycles": 938,
      "cycles_per_byte": 0.916015625,
      "bytes_per_ms": 0.02329733829268682,
      "mean_elapsed_ms": 43953.51894432679,
      "samples": [
        938,
        938,
        938
      ]
    }
  },
  "process_creation": {
    "2": {
      "n_children": 2,
      "mean_cycles": 396,
      "cycles_per_process": 198.0,
      "mean_elapsed_ms": 8369.343625323381,
      "samples": [
        396,
        396,
        396
      ]
    },
    "4": {
      "n_children": 4,
      "mean_cycles": 438,
      "cycles_per_process": 109.5,
      "mean_elapsed_ms": 14695.35559734019,
      "samples": [
        438,
        438,
        438
      ]
    },
    "8": {
      "n_children": 8,
      "mean_cycles": 494,
      "cycles_per_process": 61.75,
      "mean_elapsed_ms": 28124.433680980776,
      "samples": [
        494,
        494,
        494
      ]
    }
  },
  "ips_comparison": {
    "single_process": {
      "mean_ips": 3034.092608373525,
      "mean_cycles": 6341,
      "samples_ips": [
        3034.2870609751035,
        3022.9004007718772,
        3036.7824341180876,
        3036.865759147338,
        3039.6273868552184
      ]
    },
    "multi_process": {
      "mean_ips": 3030.1258583357253,
      "mean_cycles": 6341,
      "samples_ips": [
        3028.2872763304435,
        3019.339894303993,
        3033.315040643215,
        3034.747342105869,
        3034.939738295107
      ]
    },
    "overhead_pct": 0.0
  },
  "memory_swap": {
    "fork_only_cycles": 216,
    "with_switches_cycles": 831,
    "delta_cycles": 615,
    "delta_ms": -1.9490663893520832,
    "inferred_swap_per_switch": 123.0
  },
  "_meta": {
    "timestamp": "2026-03-06 02:27:16",
    "platform": "Apple Silicon Metal GPU",
    "description": "Multi-process benchmark: fork, pipe, context switch, IPS"
  }
}